<map rowCount="3" columnCount="3">
    <row index="0">
        <column index="0">
            dirt
        </column>
        <column index="2">
            grass
        </column>
    </row>
    <row index="1">
        <column index="0">
            grass
        </column>
        <column index="1">
            grass
        </column>
        <column index="2">
            grass
        </column>
    </row>
    <row index="2">
        <column index="0">
            dirt
        </column>
        <column index="1">
            dirt
        </column>
        <column index="2">
            dirt
        </column>
    </row>
</map>