<map rowCount="5" columnCount="7">
<row index="0">
<column index="0" height="1">none</column>
<column index="1" height="2">grass</column>
<column index="2" height="3">grass</column>
<column index="3" height="3">grass</column>
<column index="4" height="3">grass</column>
<column index="5" height="2">grass</column>
<column index="6" height="1">none</column>
</row>
<row index="1">
<column index="0" height="2">grass</column>
<column index="1" height="1">grass</column>
<column index="2" height="2">grass</column>
<column index="3" height="1">sand</column>
<column index="4" height="1">sand</column>
<column index="5" height="2">grass</column>
<column index="6" height="1">none</column>
</row>
<row index="2">
<column index="0" height="1">grass</column>
<column index="1" height="1">sand</column>
<column index="2" height="1">sand</column>
<column index="3" height="1">water</column>
<column index="4" height="1">water</column>
<column index="5" height="1">sand</column>
<column index="6" height="1">grass</column>
</row>
<row index="3">
<column index="0" height="1">sand</column>
<column index="1" height="1">water</column>
<column index="2" height="1">water</column>
<column index="3" height="1">water</column>
<column index="4" height="1">sand</column>
<column index="5" height="1">sand</column>
<column index="6" height="1">none</column>
</row>
<row index="4">
<column index="0" height="1">none</column>
<column index="1" height="1">sand</column>
<column index="2" height="1">water</column>
<column index="3" height="1">water</column>
<column index="4" height="1">water</column>
<column index="5" height="1">sand</column>
<column index="6" height="1">none</column>
</row>
<player index="0">
<spawn row="2" column="1" actor="Knight"/>
</player>
<player index="1">
<spawn row="2" column="5" actor="BeigeAlien"/>
</player>
</map>
