<map rowCount="5" columnCount="6">
<row index="0">
<column index="0">none</column>
<column index="1">grass</column>
<column index="2">grass</column>
<column index="3">grass</column>
<column index="4">autumn</column>
<column index="5">autumn</column>
</row>
<row index="1">
<column index="0">grass</column>
<column index="1">grass</column>
<column index="2">grass</column>
<column index="3">none</column>
<column index="4">autumn</column>
<column index="5">autumn</column>
</row>
<row index="2">
<column index="0">none</column>
<column index="1">grass</column>
<column index="2">grass</column>
<column index="3">grass</column>
<column index="4">none</column>
<column index="5">autumn</column>
</row>
<row index="3">
<column index="0">dirt</column>
<column index="1">none</column>
<column index="2">none</column>
<column index="3">autumn</column>
<column index="4">autumn</column>
<column index="5">none</column>
</row>
<row index="4">
<column index="0">none</column>
<column index="1">dirt</column>
<column index="2">dirt</column>
<column index="3">dirt</column>
<column index="4">none</column>
<column index="5">none</column>
</row>
<player index="0">
<spawn row="1" column="4" actor="BeigeAlien"/>
<spawn row="2" column="5" actor="BeigeAlien"/>
<spawn row="4" column="2" actor="BeigeAlien"/>
<spawn row="4" column="3" actor="BeigeAlien"/>
</player>
<player index="1">
<spawn row="1" column="1" actor="Knight"/>
</player>
</map>
