<map rowCount="14" columnCount="23">
<row index="0">
<column index="0" height="1">none</column>
<column index="1" height="1">none</column>
<column index="2" height="3">autumn</column>
<column index="3" height="3">autumn</column>
<column index="4" height="3">autumn</column>
<column index="5" height="1">none</column>
<column index="6" height="1">none</column>
<column index="7" height="1">none</column>
<column index="8" height="1">none</column>
<column index="9" height="1">none</column>
<column index="10" height="1">none</column>
<column index="11" height="1">none</column>
<column index="12" height="1">none</column>
<column index="13" height="3">grass</column>
<column index="14" height="3">grass</column>
<column index="15" height="1">none</column>
<column index="16" height="1">none</column>
<column index="17" height="1">none</column>
<column index="18" height="3">snow</column>
<column index="19" height="4">snow</column>
<column index="20" height="4">snow</column>
<column index="21" height="4">snow</column>
<column index="22" height="1">none</column>
</row>
<row index="1">
<column index="0" height="1">none</column>
<column index="1" height="3">autumn</column>
<column index="2" height="2">autumn</column>
<column index="3" height="3">autumn</column>
<column index="4" height="2">autumn</column>
<column index="5" height="1">autumn</column>
<column index="6" height="1">none</column>
<column index="7" height="3">grass</column>
<column index="8" height="3">grass</column>
<column index="9" height="3">grass</column>
<column index="10" height="1">none</column>
<column index="11" height="1">none</column>
<column index="12" height="3">grass</column>
<column index="13" height="1">water</column>
<column index="14" height="2">grass</column>
<column index="15" height="1">snow</column>
<column index="16" height="1">none</column>
<column index="17" height="3">snow</column>
<column index="18" height="3">snow</column>
<column index="19" height="4">snow</column>
<column index="20" height="4">snow</column>
<column index="21" height="4">snow</column>
<column index="22" height="1">none</column>
</row>
<row index="2">
<column index="0" height="1">none</column>
<column index="1" height="2">autumn</column>
<column index="2" height="2">autumn</column>
<column index="3" height="1">autumn</column>
<column index="4" height="2">autumn</column>
<column index="5" height="1">autumn</column>
<column index="6" height="1">autumn</column>
<column index="7" height="2">grass</column>
<column index="8" height="3">grass</column>
<column index="9" height="3">grass</column>
<column index="10" height="3">grass</column>
<column index="11" height="1">none</column>
<column index="12" height="2">grass</column>
<column index="13" height="2">grass</column>
<column index="14" height="2">grass</column>
<column index="15" height="1">grass</column>
<column index="16" height="1">snow</column>
<column index="17" height="2">snow</column>
<column index="18" height="3">snow</column>
<column index="19" height="3">snow</column>
<column index="20" height="4">snow</column>
<column index="21" height="4">snow</column>
<column index="22" height="1">none</column>
</row>
<row index="3">
<column index="0" height="1">autumn</column>
<column index="1" height="2">autumn</column>
<column index="2" height="1">autumn</column>
<column index="3" height="1">autumn</column>
<column index="4" height="1">autumn</column>
<column index="5" height="1">autumn</column>
<column index="6" height="2">grass</column>
<column index="7" height="3">grass</column>
<column index="8" height="2">grass</column>
<column index="9" height="2">grass</column>
<column index="10" height="3">grass</column>
<column index="11" height="1">none</column>
<column index="12" height="2">grass</column>
<column index="13" height="2">grass</column>
<column index="14" height="2">grass</column>
<column index="15" height="1">grass</column>
<column index="16" height="1">snow</column>
<column index="17" height="2">snow</column>
<column index="18" height="2">snow</column>
<column index="19" height="3">snow</column>
<column index="20" height="3">snow</column>
<column index="21" height="1">none</column>
<column index="22" height="1">none</column>
</row>
<row index="4">
<column index="0" height="1">none</column>
<column index="1" height="1">autumn</column>
<column index="2" height="1">autumn</column>
<column index="3" height="1">autumn</column>
<column index="4" height="1">autumn</column>
<column index="5" height="1">water</column>
<column index="6" height="1">grass</column>
<column index="7" height="2">grass</column>
<column index="8" height="2">grass</column>
<column index="9" height="2">grass</column>
<column index="10" height="2">grass</column>
<column index="11" height="2">grass</column>
<column index="12" height="2">grass</column>
<column index="13" height="1">grass</column>
<column index="14" height="1">grass</column>
<column index="15" height="1">water</column>
<column index="16" height="1">water</column>
<column index="17" height="1">snow</column>
<column index="18" height="1">snow</column>
<column index="19" height="2">snow</column>
<column index="20" height="2">snow</column>
<column index="21" height="1">none</column>
<column index="22" height="1">none</column>
</row>
<row index="5">
<column index="0" height="1">none</column>
<column index="1" height="1">none</column>
<column index="2" height="1">none</column>
<column index="3" height="1">autumn</column>
<column index="4" height="1">grass</column>
<column index="5" height="1">water</column>
<column index="6" height="1">water</column>
<column index="7" height="2">grass</column>
<column index="8" height="2">grass</column>
<column index="9" height="1">water</column>
<column index="10" height="1">grass</column>
<column index="11" height="1">grass</column>
<column index="12" height="1">grass</column>
<column index="13" height="1">water</column>
<column index="14" height="1">grass</column>
<column index="15" height="1">grass</column>
<column index="16" height="1">water</column>
<column index="17" height="1">snow</column>
<column index="18" height="1">snow</column>
<column index="19" height="1">snow</column>
<column index="20" height="1">none</column>
<column index="21" height="1">none</column>
<column index="22" height="1">none</column>
</row>
<row index="6">
<column index="0" height="1">none</column>
<column index="1" height="1">none</column>
<column index="2" height="1">none</column>
<column index="3" height="2">grass</column>
<column index="4" height="1">grass</column>
<column index="5" height="1">water</column>
<column index="6" height="1">water</column>
<column index="7" height="1">grass</column>
<column index="8" height="1">grass</column>
<column index="9" height="1">water</column>
<column index="10" height="1">water</column>
<column index="11" height="1">water</column>
<column index="12" height="1">grass</column>
<column index="13" height="1">water</column>
<column index="14" height="1">water</column>
<column index="15" height="1">grass</column>
<column index="16" height="1">grass</column>
<column index="17" height="1">snow</column>
<column index="18" height="1">water</column>
<column index="19" height="1">snow</column>
<column index="20" height="1">none</column>
<column index="21" height="1">none</column>
<column index="22" height="1">none</column>
</row>
<row index="7">
<column index="0" height="1">none</column>
<column index="1" height="3">grass</column>
<column index="2" height="3">grass</column>
<column index="3" height="1">grass</column>
<column index="4" height="1">grass</column>
<column index="5" height="1">water</column>
<column index="6" height="2">grass</column>
<column index="7" height="1">water</column>
<column index="8" height="1">water</column>
<column index="9" height="1">water</column>
<column index="10" height="1">water</column>
<column index="11" height="1">water</column>
<column index="12" height="1">grass</column>
<column index="13" height="1">water</column>
<column index="14" height="1">grass</column>
<column index="15" height="1">water</column>
<column index="16" height="1">water</column>
<column index="17" height="1">water</column>
<column index="18" height="1">grass</column>
<column index="19" height="1">grass</column>
<column index="20" height="1">grass</column>
<column index="21" height="1">none</column>
<column index="22" height="1">none</column>
</row>
<row index="8">
<column index="0" height="2">grass</column>
<column index="1" height="2">grass</column>
<column index="2" height="3">grass</column>
<column index="3" height="2">grass</column>
<column index="4" height="1">grass</column>
<column index="5" height="1">grass</column>
<column index="6" height="2">grass</column>
<column index="7" height="2">grass</column>
<column index="8" height="2">grass</column>
<column index="9" height="1">water</column>
<column index="10" height="2">grass</column>
<column index="11" height="2">grass</column>
<column index="12" height="1">grass</column>
<column index="13" height="1">grass</column>
<column index="14" height="1">grass</column>
<column index="15" height="1">water</column>
<column index="16" height="2">grass</column>
<column index="17" height="2">grass</column>
<column index="18" height="2">grass</column>
<column index="19" height="2">grass</column>
<column index="20" height="1">grass</column>
<column index="21" height="1">grass</column>
<column index="22" height="1">none</column>
</row>
<row index="9">
<column index="0" height="2">grass</column>
<column index="1" height="2">grass</column>
<column index="2" height="1">sand</column>
<column index="3" height="1">sand</column>
<column index="4" height="1">sand</column>
<column index="5" height="1">grass</column>
<column index="6" height="2">grass</column>
<column index="7" height="2">grass</column>
<column index="8" height="1">grass</column>
<column index="9" height="1">grass</column>
<column index="10" height="1">grass</column>
<column index="11" height="1">grass</column>
<column index="12" height="1">water</column>
<column index="13" height="1">grass</column>
<column index="14" height="1">water</column>
<column index="15" height="1">water</column>
<column index="16" height="2">grass</column>
<column index="17" height="2">grass</column>
<column index="18" height="1">water</column>
<column index="19" height="2">grass</column>
<column index="20" height="1">sand</column>
<column index="21" height="1">none</column>
<column index="22" height="1">none</column>
</row>
<row index="10">
<column index="0" height="1">none</column>
<column index="1" height="2">grass</column>
<column index="2" height="1">sand</column>
<column index="3" height="1">none</column>
<column index="4" height="1">sand</column>
<column index="5" height="1">none</column>
<column index="6" height="1">grass</column>
<column index="7" height="1">grass</column>
<column index="8" height="1">sand</column>
<column index="9" height="1">sand</column>
<column index="10" height="1">grass</column>
<column index="11" height="1">water</column>
<column index="12" height="1">water</column>
<column index="13" height="1">water</column>
<column index="14" height="1">sand</column>
<column index="15" height="2">grass</column>
<column index="16" height="2">grass</column>
<column index="17" height="1">grass</column>
<column index="18" height="2">grass</column>
<column index="19" height="1">sand</column>
<column index="20" height="1">sand</column>
<column index="21" height="1">none</column>
<column index="22" height="1">none</column>
</row>
<row index="11">
<column index="0" height="1">none</column>
<column index="1" height="1">none</column>
<column index="2" height="1">none</column>
<column index="3" height="1">none</column>
<column index="4" height="1">none</column>
<column index="5" height="2">grass</column>
<column index="6" height="2">grass</column>
<column index="7" height="1">grass</column>
<column index="8" height="1">sand</column>
<column index="9" height="1">sand</column>
<column index="10" height="1">sand</column>
<column index="11" height="1">sand</column>
<column index="12" height="1">sand</column>
<column index="13" height="1">sand</column>
<column index="14" height="1">sand</column>
<column index="15" height="1">sand</column>
<column index="16" height="1">none</column>
<column index="17" height="1">grass</column>
<column index="18" height="1">grass</column>
<column index="19" height="1">sand</column>
<column index="20" height="1">none</column>
<column index="21" height="1">none</column>
<column index="22" height="1">none</column>
</row>
<row index="12">
<column index="0" height="1">none</column>
<column index="1" height="1">none</column>
<column index="2" height="1">none</column>
<column index="3" height="1">none</column>
<column index="4" height="1">none</column>
<column index="5" height="1">none</column>
<column index="6" height="2">grass</column>
<column index="7" height="2">grass</column>
<column index="8" height="1">sand</column>
<column index="9" height="1">none</column>
<column index="10" height="1">sand</column>
<column index="11" height="1">none</column>
<column index="12" height="1">none</column>
<column index="13" height="1">none</column>
<column index="14" height="1">sand</column>
<column index="15" height="1">sand</column>
<column index="16" height="1">none</column>
<column index="17" height="1">none</column>
<column index="18" height="1">none</column>
<column index="19" height="1">none</column>
<column index="20" height="1">none</column>
<column index="21" height="1">none</column>
<column index="22" height="1">none</column>
</row>
<row index="13">
<column index="0" height="1">none</column>
<column index="1" height="1">none</column>
<column index="2" height="1">none</column>
<column index="3" height="1">none</column>
<column index="4" height="1">none</column>
<column index="5" height="1">none</column>
<column index="6" height="1">none</column>
<column index="7" height="1">sand</column>
<column index="8" height="1">sand</column>
<column index="9" height="1">none</column>
<column index="10" height="1">none</column>
<column index="11" height="1">none</column>
<column index="12" height="1">none</column>
<column index="13" height="1">none</column>
<column index="14" height="1">none</column>
<column index="15" height="1">none</column>
<column index="16" height="1">none</column>
<column index="17" height="1">none</column>
<column index="18" height="1">none</column>
<column index="19" height="1">none</column>
<column index="20" height="1">none</column>
<column index="21" height="1">none</column>
<column index="22" height="1">none</column>
</row>
<player index="0">
<spawn row="2" column="4" actor="Knight"/>
<spawn row="2" column="2" actor="Knight"/>
<spawn row="1" column="2" actor="Grue"/>
</player>
<player index="1">
<spawn row="3" column="8" actor="BeigeAlien"/>
<spawn row="2" column="10" actor="BeigeAlien"/>
<spawn row="1" column="8" actor="BeigeAlien"/>
<spawn row="4" column="9" actor="BeigeAlien"/>
<spawn row="4" column="7" actor="BeigeAlien"/>
<spawn row="2" column="13" actor="BeigeAlien"/>
<spawn row="1" column="14" actor="BeigeAlien"/>
<spawn row="0" column="13" actor="BeigeAlien"/>
<spawn row="6" column="12" actor="BeigeAlien"/>
<spawn row="5" column="15" actor="BeigeAlien"/>
<spawn row="9" column="10" actor="BeigeAlien"/>
<spawn row="9" column="7" actor="BeigeAlien"/>
<spawn row="11" column="5" actor="BeigeAlien"/>
<spawn row="12" column="7" actor="BeigeAlien"/>
<spawn row="11" column="9" actor="BeigeAlien"/>
<spawn row="11" column="14" actor="BeigeAlien"/>
<spawn row="9" column="16" actor="BeigeAlien"/>
<spawn row="10" column="18" actor="BeigeAlien"/>
<spawn row="10" column="20" actor="BeigeAlien"/>
<spawn row="7" column="19" actor="BeigeAlien"/>
<spawn row="8" column="18" actor="BeigeAlien"/>
<spawn row="1" column="19" actor="BeigeAlien"/>
<spawn row="2" column="18" actor="BeigeAlien"/>
<spawn row="3" column="19" actor="BeigeAlien"/>
<spawn row="13" column="7" actor="BeigeAlien"/>
<spawn row="9" column="1" actor="BeigeAlien"/>
<spawn row="9" column="3" actor="BeigeAlien"/>
<spawn row="7" column="2" actor="BeigeAlien"/>
<spawn row="8" column="1" actor="BeigeAlien"/>
</player>
</map>
