<map rowCount="6" columnCount="7">
<row index="0">
<column index="0">none</column>
<column index="1">grass</column>
<column index="2">grass</column>
<column index="3">none</column>
<column index="4">none</column>
<column index="5">dirt</column>
<column index="6">none</column>
</row>
<row index="1">
<column index="0">grass</column>
<column index="1">grass</column>
<column index="2">grass</column>
<column index="3">autumn</column>
<column index="4">autumn</column>
<column index="5">dirt</column>
<column index="6">none</column>
</row>
<row index="2">
<column index="0">none</column>
<column index="1">grass</column>
<column index="2">none</column>
<column index="3">none</column>
<column index="4">autumn</column>
<column index="5">autumn</column>
<column index="6">none</column>
</row>
<row index="3">
<column index="0">none</column>
<column index="1">autumn</column>
<column index="2">autumn</column>
<column index="3">dirt</column>
<column index="4">dirt</column>
<column index="5">none</column>
<column index="6">none</column>
</row>
<row index="4">
<column index="0">none</column>
<column index="1">autumn</column>
<column index="2">none</column>
<column index="3">autumn</column>
<column index="4">none</column>
<column index="5">none</column>
<column index="6">none</column>
</row>
<row index="5">
<column index="0">none</column>
<column index="1">autumn</column>
<column index="2">autumn</column>
<column index="3">none</column>
<column index="4">none</column>
<column index="5">none</column>
<column index="6">none</column>
</row>
<player index="0">
<spawn row="1" column="1" actor="Knight"/>
<spawn row="1" column="0" actor="Knight"/>
</player>
<player index="1">
<spawn row="1" column="4" actor="BeigeAlien"/>
<spawn row="2" column="5" actor="BeigeAlien"/>
<spawn row="4" column="3" actor="BeigeAlien"/>
<spawn row="4" column="1" actor="BeigeAlien"/>
<spawn row="5" column="1" actor="BeigeAlien"/>
<spawn row="2" column="4" actor="BeigeAlien"/>
<spawn row="3" column="4" actor="BeigeAlien"/>
</player>
</map>
