<?xml version="1.0"?>
<map rowCount="3" columnCount="5">
    <player index="0">
        <spawn row="1" column="1" actor="Knight"/>
    </player>
    <player index="1">
        <spawn row="1" column="3" actor="BeigeAlien"/>
    </player>
    
    <row index="0">
        <column index="1">grass</column>
        <column index="2">grass</column>
        <column index="3">grass</column>
        <column index="4">grass</column>
    </row>
    <row index="1">
        <column index="0">grass</column>
        <column index="1">grass</column>
        <column index="2">grass</column>
        <column index="3">grass</column>
        <column index="4">grass</column>
    </row>
    <row index="2">
        <column index="1">grass</column>
        <column index="2">grass</column>
        <column index="3">grass</column>
        <column index="4">grass</column>
    </row>
</map>