<map rowCount="4" columnCount="5">
<row index="0">
<column index="0" height="1">none</column>
<column index="1" height="2">grass</column>
<column index="2" height="2">grass</column>
<column index="3" height="1">autumn</column>
<column index="4" height="1">autumn</column>
</row>
<row index="1">
<column index="0" height="2">grass</column>
<column index="1" height="2">grass</column>
<column index="2" height="1">none</column>
<column index="3" height="1">autumn</column>
<column index="4" height="1">autumn</column>
</row>
<row index="2">
<column index="0" height="1">none</column>
<column index="1" height="1">grass</column>
<column index="2" height="1">grass</column>
<column index="3" height="1">none</column>
<column index="4" height="1">autumn</column>
</row>
<row index="3">
<column index="0" height="1">none</column>
<column index="1" height="1">dirt</column>
<column index="2" height="1">dirt</column>
<column index="3" height="1">dirt</column>
<column index="4" height="1">none</column>
</row>
<player index="0">
<spawn row="1" column="1" actor="Knight"/>
</player>
<player index="1">
<spawn row="1" column="3" actor="BeigeAlien"/>
<spawn row="2" column="4" actor="BeigeAlien"/>
</player>
</map>
